<?xml version="1.0" encoding="UTF-8" standalone="yes"?>
<addon id="plugin.video.skai"
       name="SKAI TV"
       version="1.0.5"
       provider-name="Konstantinos Mantzaris - kmanjaris@gmail.com">
  <requires>
    <import addon="xbmc.python" version="1.0.5"/>
  </requires>
  <extension point="xbmc.python.pluginsource" library="default.py">
        <provides>video</provides>
  </extension>
  <extension point="xbmc.addon.metadata">
    <platform>all</platform>
    <summary lang="en">SKAI TV</summary>
    <description lang="en">SKAI TV (Greek News Channel)</description>
    <disclaimer>Some parts of this addon may not be legal in your country of
    residence. Please check with your local laws before installing.</disclaimer>
  </extension>
</addon>
