<?xml version="1.0" encoding="UTF-8" standalone="yes"?>
<addon id="plugin.audio.skai" name="SKAI RADIO" version="1.0.1" provider-name="Omega">
  <requires>
        <import addon="xbmc.python" version="2.1.0"/>
  </requires>
  <extension point="xbmc.python.pluginsource" library="default.py">
        <provides>audio</provides>
  </extension>
  <extension point="xbmc.addon.metadata">
    <platform>all</platform>
    <summary lang="en">SKAI RADIO</summary>
    <description lang="en">SKAI RADIO (Greek News Channel)</description>
    <disclaimer>Some parts of this addon may not be legal in your country of
    residence. Please check with your local laws before installing.</disclaimer>
    <source>https://github.com/GODoal/omega-addons/plugin.audio.skai</source>
  </extension>
</addon>